OBJECTID,Neighbourhood_Crime_Rates_Neigh,Neighbourhood_Crime_Rates_Hood_,Hood_ID,Neighbourhood,Division,Assault_2014,Assault_2015,Assault_2016,Assault_2017,Assault_2018,Assault_AVG,Assault_CHG,Assault_Rate_2018,Auto_Theft_2014,Auto_Theft_2015,Auto_Theft_2016,Auto_Theft_2017,Auto_Theft_2018,AutoTheft_AVG,AutoTheft_CHG,AutoTheft_Rate_2018,BreakandEnter_2014,BreakandEnter_2015,BreakandEnter_2016,BreakandEnter_2017,BreakandEnter_2018,BreakandEnter_AVG,BreakandEnter_CHG,BreakandEnter_Rate_2018,Robbery_2014,Robbery_2015,Robbery_2016,Robbery_2017,Robbery_2018,Robbery_AVG,Robbery_CHG,Robbery_Rate_2018,Theft_Over_2014,Theft_Over_2015,Theft_Over_2016,Theft_Over_2017,Theft_Over_2018,TheftOver_AVG,TheftOver_CHG,TheftOver_Rate_2018,Homicide_2014,Homicide_2015,Homicide_2016,Homicide_2017,Homicide_2018,Homicide_AVG,Homicide_CHG,Homicide_Rate_2018,Population,Shape__Area,Shape__Length
1,Yonge-St.Clair,97,97,Yonge-St.Clair,D53,58,38,51,46,61,50.8,33%,1912.8,28,32,22,46,69,39.4,50%,2163.7,29,16,28,32,23,25.6,-28%,721.2,12,25,14,21,19,18.2,-10%,595.8,3,6,4,6,3,4.4,-50%,94.1,0,0,0,0,0,N/A,N/A,0,3189,1161314.752,5873.270507
2,York University Heights,27,27,York University Heights,D31,78,101,111,120,138,109.6,15%,375.4,16,13,8,19,23,15.8,21%,62.6,43,59,61,34,52,49.8,53%,141.4,28,22,23,31,15,23.8,-52%,40.8,4,4,3,6,2,3.8,-67%,5.4,1,0,2,0,1,1.3,N/A,2.7,36764,13246655.97,18504.77762
3,Lansing-Westgate,38,38,Lansing-Westgate,D32,216,203,223,226,197,213,-13%,1923.5,21,25,23,36,22,25.4,-39%,214.8,43,78,72,73,52,63.6,-29%,507.7,81,53,49,43,41,53.4,-5%,400.3,8,4,7,2,6,5.4,200%,58.6,0,0,0,0,0,N/A,N/A,0,10242,5346185.874,11112.10942
4,Yorkdale-Glen Park,31,31,Yorkdale-Glen Park,D32,121,141,136,124,127,129.8,2%,696.5,47,27,25,30,28,31.4,-7%,153.6,83,50,65,31,56,57,81%,307.1,42,32,22,18,35,29.8,94%,192,8,6,8,10,13,9,30%,71.3,1,1,1,1,2,1.2,100%,11,18233,6038325.943,10079.42684
5,Stonegate-Queensway,16,16,Stonegate-Queensway,D22,109,140,124,112,128,122.6,14%,576.4,20,17,22,14,41,22.8,193%,184.6,48,37,34,37,41,39.4,11%,184.6,33,22,41,35,36,33.4,3%,162.1,10,3,4,5,4,5.2,-20%,18,1,0,0,0,0,1,N/A,0,22207,7946201.714,11853.1898
6,Tam O'Shanter-Sullivan,118,118,Tam O'Shanter-Sullivan,D42,63,58,50,57,56,56.8,-2%,128.2,10,14,15,24,46,21.8,92%,105.3,22,23,24,17,18,20.8,6%,41.2,22,26,21,23,11,20.6,-52%,25.2,1,3,2,4,2,2.4,-50%,4.6,0,1,0,0,1,1,N/A,2.3,43695,5422344.643,10750.46829
7,The Beaches,63,63,The Beaches,D55,349,392,380,435,457,402.6,5%,1610.4,25,22,29,32,22,26,-31%,77.5,101,96,84,110,236,125.4,115%,831.6,71,59,63,96,78,73.4,-19%,274.9,19,32,19,26,30,25.2,15%,105.7,0,0,0,0,0,N/A,N/A,0,28378,3595829.086,11275.18128
8,Thistletown-Beaumond Heights,3,3,Thistletown-Beaumond Heights,D23,45,47,39,21,30,36.4,43%,187,9,19,17,14,25,16.8,79%,155.9,23,27,26,23,25,24.8,9%,155.9,5,6,11,6,8,7.2,33%,49.9,7,3,10,7,7,6.8,0%,43.6,0,1,0,0,2,1.5,N/A,12.5,16039,3339481.016,10828.44427
9,Thorncliffe Park,55,55,Thorncliffe Park,D53,111,124,157,147,135,134.8,-8%,1616.4,73,46,68,87,114,77.6,31%,1364.9,69,51,44,43,60,53.4,40%,718.4,29,38,34,36,42,35.8,17%,502.9,15,16,18,18,15,16.4,-17%,179.6,3,1,1,4,0,2.3,-100%,0,8352,3126553.824,7502.70932
10,Danforth East York,59,59,Danforth East York,D54,214,203,214,203,227,212.2,12%,2165,87,99,130,94,156,113.2,66%,1487.8,109,141,100,92,115,111.4,25%,1096.8,34,36,37,67,33,41.4,-51%,314.7,34,42,36,32,54,39.6,69%,515,0,0,0,0,0,N/A,N/A,0,10485,2188597.654,7623.857803
11,Humewood-Cedarvale,106,106,Humewood-Cedarvale,D13,197,198,171,222,222,202,0%,1995.7,64,57,22,43,74,52,72%,665.2,77,79,80,74,89,79.8,20%,800.1,31,41,37,51,36,39.2,-29%,323.6,13,10,15,16,21,15,31%,188.8,0,1,0,1,0,1,-100%,0,11124,1871263.387,6036.268177
12,Islington-City Centre West,14,14,Islington-City Centre West,D22,249,253,297,265,238,260.4,-10%,419.7,51,51,56,38,62,51.6,63%,109.3,29,28,28,28,31,28.8,11%,54.7,58,45,49,60,40,50.4,-33%,70.5,10,5,8,19,8,10,-58%,14.1,1,0,0,0,2,1.5,N/A,3.5,56701,16239688.69,20311.92939
13,Danforth,66,66,Danforth,D54,17,30,14,18,19,19.6,6%,113.4,5,5,1,7,16,6.8,129%,95.5,12,12,7,9,6,9.2,-33%,35.8,1,1,5,2,1,2,-50%,6,0,2,1,0,2,1.67,N/A,11.9,1,3,1,1,2,1.6,100%,11.9,16749,1119664.698,6233.172595
14,Rustic,28,28,Rustic,D12,77,105,91,99,109,96.2,10%,1448.5,15,10,8,14,13,12,-7%,172.8,32,22,15,32,34,27,6%,451.8,24,23,30,31,20,25.6,-35%,265.8,2,4,2,2,4,2.8,100%,53.2,1,1,1,0,0,1,N/A,0,7525,2096348.766,5888.97165
15,Scarborough Village,139,139,Scarborough Village,D43,269,296,346,342,340,318.6,-1%,2334.2,118,105,106,87,77,98.6,-11%,528.6,98,134,93,98,96,103.8,-2%,659.1,60,84,66,75,85,74,13%,583.6,28,45,35,36,22,33.2,-39%,151,1,0,6,1,0,2.7,-100%,0,14566,3151015.083,7922.764491
16,South Parkdale,85,85,South Parkdale,D14,87,107,98,105,105,100.4,0%,305.1,9,15,10,13,12,11.8,-8%,34.9,26,45,43,26,22,32.4,-15%,63.9,21,16,19,27,20,20.6,-26%,58.1,3,5,5,1,1,3,0%,2.9,0,0,1,0,0,1,N/A,0,34420,2286974.107,10802.83207
17,South Riverdale,70,70,South Riverdale,D55,15,26,16,20,17,18.8,-15%,53,14,27,22,15,22,20,47%,68.6,70,41,35,49,35,46,-29%,109.1,3,6,2,8,8,5.4,0%,24.9,5,3,1,4,4,3.4,0%,12.5,1,0,3,3,2,2.3,100%,6.2,32071,10964573.74,43080.72479
18,St.Andrew-Windfields,40,40,St.Andrew-Windfields,D32,59,69,114,96,86,84.8,-10%,451.1,26,20,22,28,31,25.4,11%,162.6,34,39,44,39,42,39.6,8%,220.3,27,12,35,21,10,21,-52%,52.4,4,2,3,8,2,3.8,-75%,10.5,1,0,0,2,0,1.5,-100%,0,19066,7299579.794,13025.99728
19,Taylor-Massey,61,61,Taylor-Massey,D54,54,45,42,49,60,50,22%,626,17,14,10,25,17,16.6,-32%,177.4,18,18,8,11,16,14.2,45%,166.9,26,17,12,18,16,17.8,-11%,166.9,1,2,0,4,3,2.5,-25%,31.3,0,1,1,1,0,1,-100%,0,9584,1062970.055,5940.700144
20,Humber Summit,21,21,Humber Summit,D31,33,42,38,50,35,39.6,-30%,246.7,8,4,9,7,9,7.4,29%,63.4,23,9,9,8,6,11,-25%,42.3,8,6,8,2,7,6.2,250%,49.3,3,1,1,1,1,1.4,0%,7,0,1,0,2,1,1.3,0%,7,14188,7966905.413,12608.57301
21,Humbermede,22,22,Humbermede,D31,32,43,49,40,52,43.2,30%,862.5,3,3,5,8,14,6.6,75%,232.2,31,25,30,33,27,29.2,-18%,447.8,9,5,2,10,8,6.8,-20%,132.7,4,5,7,9,3,5.6,-67%,49.8,0,0,1,1,0,1,-100%,0,6029,4421665.037,12445.72194
22,Centennial Scarborough,133,133,Centennial Scarborough,D43,351,389,369,406,385,380,-5%,3521.8,46,33,34,47,60,44,28%,548.8,121,149,80,85,98,106.6,15%,896.5,83,81,68,125,72,85.8,-42%,658.6,11,13,14,25,13,15.2,-48%,118.9,0,0,0,1,0,1,-100%,0,10932,5468486.344,12038.48121
23,Church-Yonge Corridor,75,75,Church-Yonge Corridor,D51,36,44,54,45,53,46.4,18%,145.2,12,21,22,11,18,16.8,64%,49.3,18,16,20,12,12,15.6,0%,32.9,16,6,14,4,9,9.8,125%,24.7,1,5,2,3,5,3.2,67%,13.7,1,3,2,1,3,2,200%,8.2,36499,1364546.63,6347.046909
24,Clairlea-Birchmount,120,120,Clairlea-Birchmount,D41,153,132,159,157,133,146.8,-15%,382.7,12,15,19,11,16,14.6,45%,46,64,46,50,71,59,58,-17%,169.8,25,15,15,18,11,16.8,-39%,31.7,10,7,3,7,9,7.2,29%,25.9,0,2,1,0,3,2,N/A,8.6,34751,7397299.84,16485.39656
25,Cliffcrest,123,123,Cliffcrest,D43,645,745,793,820,787,758,-4%,3956.8,52,41,36,58,58,49,0%,291.6,148,175,194,243,314,214.8,29%,1578.7,66,44,62,58,93,64.6,60%,467.6,43,41,56,52,50,48.4,-4%,251.4,0,1,0,0,1,1,N/A,5,19890,7191379.71,19946.02298
26,Flemingdon Park,44,44,Flemingdon Park,D54,36,39,45,52,52,44.8,0%,218.1,12,14,3,17,24,14,41%,100.7,44,38,20,50,50,40.4,0%,209.7,12,8,11,8,17,11.2,113%,71.3,4,4,4,3,1,3.2,-67%,4.2,1,0,0,0,0,1,N/A,0,23841,2473306.356,8487.751897
27,Corso Italia-Davenport,92,92,Corso Italia-Davenport,D13,93,98,106,90,100,97.4,11%,878.7,15,9,21,8,26,15.8,225%,228.5,21,29,23,36,15,24.8,-58%,131.8,25,12,20,20,11,17.6,-45%,96.7,1,2,2,4,1,2,-75%,8.8,0,1,0,0,0,1,N/A,0,11380,1884658.155,6077.82489
28,Ionview,125,125,Ionview,D41,265,285,267,274,284,275,4%,2599.5,296,259,311,323,495,336.8,53%,4530.9,143,118,126,117,154,131.6,32%,1409.6,76,64,74,93,69,75.2,-26%,631.6,40,57,40,58,50,49,-14%,457.7,0,0,0,0,0,N/A,N/A,0,10925,1952873.81,6356.149957
29,Junction Area,90,90,Junction Area,D12,164,186,184,167,201,180.4,20%,4227.1,20,9,18,14,9,14,-36%,189.3,75,84,62,61,75,71.4,23%,1577.3,32,30,25,37,33,31.4,-11%,694,7,3,12,12,10,8.8,-17%,210.3,1,0,0,0,0,1,N/A,0,4755,2631832.254,7789.281656
30,Broadview North,57,57,Broadview North,D54,26,28,34,28,26,28.4,-7%,349,11,3,18,18,19,13.8,6%,255.1,23,30,20,23,24,24,4%,322.2,3,7,4,6,1,4.2,-83%,13.4,3,3,3,4,6,3.8,50%,80.5,0,0,0,1,0,1,-100%,0,7449,1745969.193,7178.123836
31,Princess-Rosethorn,10,10,Princess-Rosethorn,D22,75,40,46,59,50,54,-15%,582.2,42,40,29,52,57,44,10%,663.7,95,66,114,131,107,102.6,-18%,1245.9,16,8,20,18,13,15,-28%,151.4,10,12,11,14,10,11.4,-29%,116.4,0,0,1,0,1,1,N/A,11.6,8588,5171203.281,11051.87776
32,North Riverdale,68,68,North Riverdale,D55,38,57,55,63,49,52.4,-22%,534.2,16,20,23,24,22,21,-8%,239.8,41,32,39,40,48,40,20%,523.3,10,5,4,13,21,10.6,62%,228.9,5,5,4,6,3,4.6,-50%,32.7,0,0,1,3,0,2,-100%,0,9173,1786040.729,5475.635668
33,Etobicoke West Mall,13,13,Etobicoke West Mall,D22,141,130,198,161,197,165.4,22%,4524.6,12,18,16,11,24,16.2,118%,551.2,72,80,75,82,68,75.4,-17%,1561.8,16,26,24,12,20,19.6,67%,459.3,3,5,6,6,8,5.6,33%,183.7,1,0,1,0,0,1,N/A,0,4354,1796641.646,6476.058764
34,Forest Hill North,102,102,Forest Hill North,D53,57,63,78,88,72,71.6,-18%,628.3,14,10,29,30,54,27.4,80%,471.2,16,14,17,15,28,18,87%,244.3,12,15,16,32,25,20,-22%,218.2,1,2,1,1,4,1.8,300%,34.9,0,0,0,0,0,N/A,N/A,0,11459,1569106.006,5693.115905
35,Glenfield-Jane Heights,25,25,Glenfield-Jane Heights,D31,240,261,229,237,252,243.8,6%,964.3,37,28,35,38,41,35.8,8%,156.9,134,112,84,102,64,99.2,-37%,244.9,46,51,42,49,33,44.2,-33%,126.3,3,13,18,4,10,9.6,150%,38.3,0,0,1,2,0,1.5,-100%,0,26132,5149746.895,11437.36307
36,Greenwood-Coxwell,65,65,Greenwood-Coxwell,D55,27,32,31,25,37,30.4,48%,259.4,19,15,9,22,10,15,-55%,70.1,27,27,25,33,19,26.2,-42%,133.2,17,21,12,13,16,15.8,23%,112.2,2,3,2,6,4,3.4,-33%,28,2,0,0,0,0,2,N/A,0,14261,1675174.696,6843.002278
37,Guildwood,140,140,Guildwood,D43,106,136,174,161,176,150.6,9%,1185.8,63,53,41,52,59,53.6,13%,397.5,51,57,66,58,65,59.4,12%,437.9,23,21,24,34,44,29.2,29%,296.5,24,14,26,23,20,21.4,-13%,134.8,0,0,0,0,0,N/A,N/A,0,14842,3804331.121,9830.064418
38,Trinity-Bellwoods,81,81,Trinity-Bellwoods,D14,101,103,111,103,96,102.8,-7%,394.1,28,16,20,16,18,19.6,13%,73.9,18,25,34,20,22,23.8,10%,90.3,31,13,39,36,11,26,-69%,45.2,2,1,0,5,1,2.25,-80%,4.1,0,0,0,0,0,N/A,N/A,0,24358,1729723.554,5343.121506
39,Victoria Village,43,43,Victoria Village,D33,139,148,158,132,145,144.4,10%,1236.7,8,8,4,12,8,8,-33%,68.2,50,20,14,13,14,22.2,8%,119.4,26,22,24,20,16,21.6,-20%,136.5,9,3,3,4,1,4,-75%,8.5,0,0,2,1,0,1.5,-100%,0,11725,4755219.2,11800.34157
40,Waterfront Communities-The Island,77,77,Waterfront Communities-The Island,D52,71,97,94,90,70,84.4,-22%,82.4,39,39,34,59,87,51.6,47%,102.5,101,111,62,106,120,100,13%,141.3,41,39,37,31,17,33,-45%,20,13,13,10,16,17,13.8,6%,20,1,1,0,1,1,1,0%,1.2,84915,13416295.06,18366.60809
41,West Hill,136,136,West Hill,D43,51,63,62,55,67,59.6,22%,184.2,5,16,19,14,21,15,50%,57.7,33,31,32,41,31,33.6,-24%,85.2,10,12,10,17,17,13.2,0%,46.7,3,1,5,5,2,3.2,-60%,5.5,0,2,0,0,1,1.5,N/A,2.7,36371,9625439.614,14976.57178
42,West Humber-Clairville,1,1,West Humber-Clairville,D23,72,81,82,69,88,78.4,28%,240.6,16,29,17,31,40,26.6,29%,109.4,52,57,56,58,71,58.8,22%,194.1,35,38,18,24,47,32.4,96%,128.5,1,6,4,12,4,5.4,-67%,10.9,0,3,2,0,0,2.5,N/A,0,36570,30145323.9,27924.19703
43,Westminster-Branson,35,35,Westminster-Branson,D32,55,64,64,69,86,67.6,25%,309.1,8,7,5,6,13,7.8,117%,46.7,24,24,17,17,38,24,124%,136.6,24,24,18,5,12,16.6,140%,43.1,6,5,4,2,5,4.4,150%,18,0,0,0,0,0,N/A,N/A,0,27822,3667761.812,11495.36488
44,Kennedy Park,124,124,Kennedy Park,D41,343,394,423,400,411,394.2,3%,2257.9,23,17,15,31,26,22.4,-16%,142.8,89,66,72,86,103,83.2,20%,565.8,65,64,78,65,51,64.6,-22%,280.2,7,6,8,9,5,7,-44%,27.5,0,0,0,0,2,2,N/A,11,18203,3580725.229,7606.631593
45,Kingsview Village-The Westway,6,6,Kingsview Village-The Westway,D23,64,61,100,83,109,83.4,31%,761.9,39,25,27,30,53,34.8,77%,370.5,44,44,43,47,62,48,32%,433.4,10,10,16,17,16,13.8,-6%,111.8,5,7,7,11,21,10.2,91%,146.8,2,1,2,2,2,1.8,100%,14,14306,5063371.17,10449.40608
46,Bayview Woods-Steeles,49,49,Bayview Woods-Steeles,D33,46,46,58,58,56,52.8,-3%,670.7,12,10,8,13,9,10.4,-31%,107.8,34,23,12,25,21,23,-16%,251.5,1,3,1,11,7,4.6,-36%,83.8,2,3,1,9,3,3.6,-67%,35.9,0,0,0,0,0,N/A,N/A,0,8350,4088934.038,8253.154282
47,Clanton Park,33,33,Clanton Park,D32,256,248,283,293,306,277.2,4%,1487.2,32,33,32,34,42,34.6,24%,204.1,84,84,97,92,155,102.4,68%,753.3,67,56,53,73,69,63.6,-5%,335.4,12,8,11,10,20,12.2,100%,97.2,0,0,1,0,0,1,N/A,0,20575,4142429.392,10147.16198
48,Keelesdale-Eglinton West,110,110,Keelesdale-Eglinton West,D12,143,178,162,160,151,158.8,-6%,1613.8,6,17,20,15,11,13.8,-27%,117.6,33,47,61,51,70,52.4,37%,748.1,17,22,28,26,24,23.4,-8%,256.5,4,2,9,9,6,6,-33%,64.1,0,0,0,0,0,N/A,N/A,0,9357,1750773.86,5670.472099
49,O'Connor-Parkview,54,54,O'Connor-Parkview,D54,29,40,38,42,46,39,10%,195.6,29,28,21,30,16,24.8,-47%,68,19,27,26,33,31,27.2,-6%,131.8,13,10,13,5,6,9.4,20%,25.5,1,4,4,7,3,3.8,-57%,12.8,1,0,0,1,0,1,-100%,0,23514,4876767.018,10927.17794
50,Old East York,58,58,Old East York,D54,102,115,108,96,91,102.4,-5%,547.6,8,16,8,10,5,9.4,-50%,30.1,35,48,17,33,20,30.6,-39%,120.3,27,19,11,13,7,15.4,-46%,42.1,4,5,4,1,1,3,0%,6,0,0,1,0,2,1.5,N/A,12,16619,2349933.438,7485.024652
51,Casa Loma,96,96,Casa Loma,D53,149,151,169,154,127,150,-18%,814.4,33,32,31,41,18,31,-56%,115.4,70,60,47,67,77,64.2,15%,493.7,11,19,32,38,21,24.2,-45%,134.7,6,6,2,10,6,6,-40%,38.5,0,0,0,0,1,1,N/A,6.4,15595,1922539.636,5937.879649
52,Kensington-Chinatown,78,78,Kensington-Chinatown,D52,203,200,241,343,448,287,31%,3339.5,34,33,34,40,21,32.4,-48%,156.5,60,66,48,58,48,56,-17%,357.8,9,24,12,22,28,19,27%,208.7,10,15,17,14,12,13.6,-14%,89.5,0,1,3,0,3,2.3,N/A,22.4,13415,1534712.33,5024.453809
53,Kingsway South,15,15,Kingsway South,D22,63,39,61,47,51,52.2,9%,985.5,2,6,2,6,6,4.4,0%,115.9,15,27,15,13,13,16.6,0%,251.2,11,10,9,15,11,11.2,-27%,212.6,1,0,1,1,0,1,-100%,0,0,0,0,0,0,N/A,N/A,0,5175,2638301.25,8062.512327
54,Runnymede-Bloor West Village,89,89,Runnymede-Bloor West Village,D11,28,42,38,45,36,37.8,-20%,207.4,9,7,4,6,10,7.2,67%,57.6,35,42,27,25,24,30.6,-4%,138.3,22,27,31,23,17,24,-26%,97.9,2,3,6,2,3,3.2,50%,17.3,0,0,0,0,0,N/A,N/A,0,17358,1593977.758,6748.112245
55,Forest Hill South,101,101,Forest Hill South,D13,119,121,127,135,133,127,-1%,1069.4,9,12,4,10,10,9,0%,80.4,41,32,28,30,35,33.2,17%,281.4,22,15,21,17,33,21.6,94%,265.3,8,6,3,2,7,5.2,250%,56.3,0,0,0,0,0,N/A,N/A,0,12437,2480022.939,7188.574171
56,Henry Farm,53,53,Henry Farm,D33,69,56,47,57,73,60.4,28%,770.3,21,11,24,19,23,19.6,21%,242.7,32,47,30,33,45,37.4,36%,474.8,20,7,11,24,19,16.2,-21%,200.5,4,4,2,4,5,3.8,25%,52.8,0,0,0,1,1,1,0%,10.6,9477,2593263.593,8150.843903
57,Annex,95,95,Annex,D53,92,82,71,80,65,78,-19%,281.3,14,15,19,21,26,19,24%,112.5,40,44,34,39,43,40,10%,186.1,27,15,15,10,12,15.8,20%,51.9,8,1,4,5,6,4.8,20%,26,0,0,0,0,2,2,N/A,8.7,23107,2790356.136,7606.039068
58,Caledonia-Fairbank,109,109,Caledonia-Fairbank,D13,159,147,191,144,173,162.8,20%,1114.9,20,15,8,21,18,16.4,-14%,116,48,48,34,33,44,41.4,33%,283.6,31,33,24,23,11,24.4,-52%,70.9,3,2,2,5,4,3.2,-20%,25.8,0,0,0,0,0,N/A,N/A,0,15517,1544434.551,4951.208322
59,Humber Heights-Westmount,8,8,Humber Heights-Westmount,D23,88,108,86,69,64,83,-7%,451.7,25,16,15,21,11,17.6,-48%,77.6,49,35,37,40,56,43.4,40%,395.2,7,5,12,8,6,7.6,-25%,42.3,10,8,5,8,9,8,13%,63.5,1,0,1,1,2,1.3,100%,14.1,14169,2802679.678,9088.071969
60,Roncesvalles,86,86,Roncesvalles,D11,134,120,148,133,138,134.6,4%,1215,39,15,34,24,31,28.6,29%,272.9,50,61,52,68,74,61,9%,651.5,15,15,20,34,19,20.6,-44%,167.3,6,12,8,18,7,10.2,-61%,61.6,0,0,0,0,2,2,N/A,17.6,11358,1504527.282,6163.829372
61,University,79,79,University,D14,97,119,150,134,119,123.8,-11%,1184.4,19,16,12,9,11,13.4,22%,109.5,28,21,19,15,18,20.2,20%,179.2,17,25,9,15,13,15.8,-13%,129.4,0,1,0,2,2,1.67,0%,19.9,0,0,2,1,0,1.5,-100%,0,10047,1405236.462,4971.780038
62,Hillcrest Village,48,48,Hillcrest Village,D33,55,45,45,49,53,49.4,8%,352.3,3,0,5,5,4,4.25,-20%,26.6,15,20,18,13,18,16.8,38%,119.7,16,6,7,10,5,8.8,-50%,33.2,1,2,1,5,1,2,-80%,6.6,0,0,0,0,0,N/A,N/A,0,15042,5395665.601,9570.81385
63,Mount Dennis,115,115,Mount Dennis,D12,98,79,92,111,112,98.4,1%,1345.3,23,19,21,18,31,22.4,72%,372.4,44,64,60,39,67,54.8,72%,804.8,26,32,11,26,16,22.2,-38%,192.2,3,7,7,7,3,5.4,-57%,36,1,0,0,0,1,1,N/A,12,8325,2129358.665,6852.133877
64,Dorset Park,126,126,Dorset Park,D41,74,88,89,87,84,84.4,-3%,371.4,30,17,24,20,32,24.6,60%,141.5,56,67,21,40,37,44.2,-8%,163.6,10,5,8,12,15,10,25%,66.3,2,4,7,4,4,4.2,0%,17.7,1,0,0,1,0,1,-100%,0,22616,6012087.723,10566.89885
65,Edenbridge-Humber Valley,9,9,Edenbridge-Humber Valley,D22,35,41,35,30,39,36,30%,336.4,8,7,18,21,7,12.2,-67%,60.4,23,34,32,39,29,31.4,-26%,250.2,6,1,0,5,7,4.75,40%,60.4,4,1,1,3,2,2.2,-33%,17.3,0,0,0,0,0,N/A,N/A,0,11593,5511577.817,11180.41215
66,Dovercourt-Wallace Emerson-Junction,93,93,Dovercourt-Wallace Emerson-Junction,D11,158,148,112,110,117,129,6%,454,17,10,6,10,17,12,70%,66,46,27,31,34,25,32.6,-26%,97,25,7,26,10,5,14.6,-50%,19.4,9,6,6,2,6,5.8,200%,23.3,2,3,0,2,0,2.3,-100%,0,25772,3725825.316,9225.590972
67,Newtonbrook West,36,36,Newtonbrook West,D32,193,211,166,179,185,186.8,3%,1239.3,21,16,22,26,29,22.8,12%,194.3,88,97,87,71,80,84.6,13%,535.9,35,35,39,39,29,35.4,-26%,194.3,4,10,12,9,8,8.6,-11%,53.6,0,0,0,0,0,N/A,N/A,0,14928,4695675.717,8634.194782
68,Niagara,82,82,Niagara,D14,251,239,283,287,259,263.8,-10%,1050.4,68,59,44,48,73,58.4,52%,296,28,38,34,40,28,33.6,-30%,113.6,77,107,115,88,73,92,-17%,296,6,5,3,1,3,3.6,200%,12.2,0,2,1,0,2,1.7,N/A,8.1,24658,3241278.577,11006.53787
69,Beechborough-Greenbrook,112,112,Beechborough-Greenbrook,D12,58,52,61,52,66,57.8,27%,2610.8,20,29,11,19,26,21,37%,1028.5,88,88,58,101,84,83.8,-17%,3322.8,10,7,24,2,6,9.8,200%,237.3,12,19,10,7,6,10.8,-14%,237.3,1,0,0,1,0,1,-100%,0,2528,1833622.811,6414.719309
70,High Park North,88,88,High Park North,D11,161,175,150,150,172,161.6,15%,1431.9,20,22,15,14,17,17.6,21%,141.5,60,59,55,70,64,61.6,-9%,532.8,20,15,7,5,8,11,60%,66.6,12,16,14,11,12,13,9%,99.9,1,0,0,0,0,1,N/A,0,12012,1882284.216,6319.774814
71,High Park-Swansea,87,87,High Park-Swansea,D11,114,85,126,92,151,113.6,64%,530.5,22,19,21,23,39,24.8,70%,137,44,36,44,80,54,51.6,-33%,189.7,23,4,16,37,21,20.2,-43%,73.8,3,7,2,10,5,5.4,-50%,17.6,0,0,0,0,0,N/A,N/A,0,28462,5358122.97,10614.36654
72,Highland Creek,134,134,Highland Creek,D43,86,63,74,83,85,78.2,2%,1086.1,5,8,7,4,11,7,175%,140.6,34,22,44,27,24,30.2,-11%,306.7,10,15,5,11,17,11.6,55%,217.2,3,3,2,2,3,2.6,50%,38.3,0,1,0,0,1,1,N/A,12.8,7826,5248057.66,9914.922698
73,North St.James Town,74,74,North St.James Town,D51,209,271,272,275,253,256,-8%,1872.3,22,29,35,53,51,38,-4%,377.4,63,41,67,34,60,53,76%,444,38,45,64,59,43,49.8,-27%,318.2,10,3,7,7,13,8,86%,96.2,2,2,0,0,0,2,N/A,0,13513,424196.7791,2574.408552
74,Oakridge,121,121,Oakridge,D41,144,130,157,170,139,148,-18%,795.3,10,11,16,9,14,12,56%,80.1,66,61,45,57,78,61.4,37%,446.3,51,19,32,23,23,29.6,0%,131.6,5,8,6,4,15,7.6,275%,85.8,0,1,0,0,0,1,N/A,0,17477,1878562.213,7808.877938
75,Rosedale-Moore Park,98,98,Rosedale-Moore Park,D53,68,60,89,93,76,77.2,-18%,290.1,7,9,8,7,10,8.2,43%,38.2,45,48,41,23,37,38.8,61%,141.2,22,17,14,9,11,14.6,22%,42,1,2,4,4,4,3,0%,15.3,0,0,1,0,1,1,N/A,3.8,26195,4669066.014,9663.319804
76,Oakwood Village,107,107,Oakwood Village,D13,43,54,43,45,35,44,-22%,122.7,19,13,10,22,25,17.8,14%,87.6,30,27,23,22,23,25,5%,80.6,14,30,16,16,17,18.6,6%,59.6,1,1,2,2,2,1.6,0%,7,1,0,0,0,0,1,N/A,0,28525,2219473.031,6334.989436
77,Wexford/Maryvale,119,119,Wexford/Maryvale,D41,85,106,86,98,94,93.8,-4%,202.3,14,11,4,9,11,9.8,22%,23.7,34,28,28,19,24,26.6,26%,51.6,16,10,15,9,5,11,-44%,10.8,9,6,12,9,4,8,-56%,8.6,1,0,2,0,1,1.3,N/A,2.2,46468,10263854.27,14186.63183
78,Eglinton East,138,138,Eglinton East,D41,16,28,29,20,20,22.6,0%,317.2,3,3,5,1,5,3.4,400%,79.3,32,13,7,16,13,16.2,-19%,206.2,2,,3,2,1,2,-50%,15.9,2,3,7,0,3,3.75,N/A,47.6,0,0,0,1,1,1,0%,15.9,6306,3223146.074,10012.86734
79,Elms-Old Rexdale,5,5,Elms-Old Rexdale,D23,60,72,82,108,76,79.6,-30%,2160.9,19,18,7,14,26,16.8,86%,739.3,60,82,56,60,83,68.2,38%,2360,12,27,14,10,7,14,-30%,199,10,12,10,5,8,9,60%,227.5,0,0,0,2,0,2,-100%,0,3517,2931145.375,9356.687021
80,Agincourt North,129,129,Agincourt North,D42,244,262,250,234,280,254,20%,888.1,56,49,50,70,81,61.2,16%,256.9,125,94,84,89,102,98.8,15%,323.5,54,40,27,46,35,40.4,-24%,111,16,19,14,14,15,15.6,7%,47.6,1,0,0,0,0,1,N/A,0,31528,7261856.619,12381.26493
81,Agincourt South-Malvern West,128,128,Agincourt South-Malvern West,D42,93,96,85,76,86,87.2,13%,302.7,22,15,18,7,14,15.2,100%,49.3,27,21,17,8,24,19.4,200%,84.5,10,13,16,10,27,15.2,170%,95,4,4,8,1,2,3.8,100%,7,0,0,0,0,1,1,N/A,3.5,28410,7873163.265,15386.55638
82,Englemount-Lawrence,32,32,Englemount-Lawrence,D13,130,160,195,195,196,175.2,1%,831.6,50,38,40,39,75,48.4,92%,318.2,91,88,70,86,70,81,-19%,297,30,37,55,35,34,38.2,-3%,144.3,5,9,10,4,14,8.4,250%,59.4,0,0,0,0,1,1,N/A,4.2,23568,3478190.16,8311.868955
83,Eringate-Centennial-West Deane,11,11,Eringate-Centennial-West Deane,D22,69,69,64,68,59,65.8,-13%,812.9,11,8,13,14,16,12.4,14%,220.4,24,19,16,22,38,23.8,73%,523.6,26,10,29,14,15,18.8,7%,206.7,2,4,3,2,0,2.75,-100%,0,0,0,0,0,2,2,N/A,27.6,7258,8645507.992,15361.24627
84,L'Amoreaux,117,117,L'Amoreaux,D42,68,93,80,106,85,86.4,-20%,285.9,8,21,8,9,28,14.8,211%,94.2,36,37,67,32,40,42.4,25%,134.6,15,11,17,48,15,21.2,-69%,50.5,9,5,3,7,5,5.8,-29%,16.8,1,0,2,1,0,1.3,-100%,0,29728,7154890.515,12565.62713
85,Banbury-Don Mills,42,42,Banbury-Don Mills,D33,45,60,51,52,47,51,-10%,115.5,11,17,15,7,10,12,43%,24.6,33,25,16,8,18,20,125%,44.2,9,5,4,5,3,5.2,-40%,7.4,0,3,0,3,3,3,0%,7.4,0,0,0,0,0,N/A,N/A,0,40704,10041548.45,18165.12415
86,Bathurst Manor,34,34,Bathurst Manor,D32,319,342,343,394,404,360.4,3%,3443.3,83,92,85,80,109,89.8,36%,929,89,73,52,57,83,70.8,46%,707.4,64,62,47,62,64,59.8,3%,545.5,14,12,11,19,14,14,-26%,119.3,0,0,0,0,0,N/A,N/A,0,11733,4760303.543,14569.47828
87,Alderwood,20,20,Alderwood,D22,96,104,131,119,113,112.6,-5%,1218.9,11,9,10,12,28,14,133%,302,83,75,54,63,47,64.4,-25%,507,14,22,25,45,29,27,-36%,312.8,4,5,7,7,6,5.8,-14%,64.7,1,0,0,0,0,1,N/A,0,9271,4978487.88,9168.69866
88,Regent Park,72,72,Regent Park,D51,72,74,107,70,75,79.6,7%,667.1,8,10,11,15,12,11.2,-20%,106.7,37,31,37,36,47,37.6,31%,418,7,6,7,11,11,8.4,0%,97.8,4,1,3,2,9,3.8,350%,80,1,0,1,2,2,1.5,100%,17.8,11243,650295.3267,3258.967633
89,Bendale,127,127,Bendale,D41,154,142,168,172,149,157,-13%,385.5,50,32,42,39,48,42.2,23%,124.2,28,46,34,67,38,42.6,-43%,98.3,33,42,36,36,31,35.6,-14%,80.2,6,2,5,3,7,4.6,133%,18.1,1,0,3,0,0,2,N/A,0,38656,7456416.121,13174.98401
90,Birchcliffe-Cliffside,122,122,Birchcliffe-Cliffside,D41,63,84,84,49,76,71.2,55%,291.9,12,10,12,7,7,9.6,0%,26.9,27,39,13,21,24,24.8,14%,92.2,5,8,11,11,9,8.8,-18%,34.6,5,5,4,5,3,4.4,-40%,11.5,0,1,0,1,1,1,0%,3.8,26036,6008883.008,14693.33069
91,Weston-Pellam Park,91,91,Weston-Pellam Park,D12,160,166,148,165,158,159.4,-4%,911.3,21,18,11,13,18,16.2,38%,103.8,60,70,59,74,68,66.2,-8%,392.2,47,41,31,37,36,38.4,-3%,207.6,3,6,11,2,4,5.2,100%,23.1,1,1,1,0,1,1,N/A,5.8,17338,1460622.089,5535.385476
92,Downsview-Roding-CFB,26,26,Downsview-Roding-CFB,D31,57,50,48,50,61,53.2,22%,226.6,69,29,50,24,27,39.8,13%,100.3,48,28,35,48,46,41,-4%,170.9,7,9,3,12,10,8.2,-17%,37.2,3,5,5,4,7,4.8,75%,26,1,0,0,2,1,1.3,0%,3.7,26915,14992190.78,21300.31818
93,Lambton Baby Point,114,114,Lambton Baby Point,D11,93,70,72,101,81,83.4,-20%,2145.7,35,33,16,32,32,29.6,0%,847.7,68,42,52,50,41,50.6,-18%,1086.1,14,9,14,25,26,17.6,4%,688.7,8,10,5,6,7,7.2,17%,185.4,0,0,0,0,0,N/A,N/A,0,3775,1781937.605,8088.473098
94,Bay Street Corridor,76,76,Bay Street Corridor,D52,19,12,19,21,16,17.4,-24%,124.3,8,12,13,9,16,11.6,78%,124.3,44,19,15,11,22,22.2,100%,170.8,5,2,10,8,2,5.4,-75%,15.5,3,2,2,1,2,2,100%,15.5,1,2,0,1,1,1.3,0%,7.8,12877,1809355.373,6933.183322
95,Black Creek,24,24,Black Creek,D31,641,726,739,950,1005,812.2,6%,5829.1,34,26,30,31,79,40,155%,458.2,159,170,166,230,221,189.2,-4%,1281.8,143,157,173,207,224,180.8,8%,1299.2,43,26,43,32,46,38,44%,266.8,0,0,2,1,4,2.3,300%,23.2,17241,3453824.936,8441.44442
96,Willowdale East,51,51,Willowdale East,D32,60,77,63,64,57,64.2,-11%,100.1,13,14,8,13,20,13.6,54%,35.1,31,38,30,36,32,33.4,-11%,56.2,15,27,10,16,3,14.2,-81%,5.3,6,3,4,7,0,5,-100%,0,0,0,0,0,10,10,N/A,17.6,56941,5061015.635,9482.383492
97,Willowdale West,37,37,Willowdale West,D32,25,20,25,24,18,22.4,-25%,258.8,23,25,24,14,18,20.8,29%,258.8,45,35,47,41,44,42.4,7%,632.7,7,5,3,4,7,5.2,75%,100.7,4,4,2,4,5,3.8,25%,71.9,0,0,0,1,0,1,-100%,0,6954,2883462.224,7476.939601
98,Rouge,131,131,Rouge,D42,52,77,61,48,60,59.6,25%,94.3,8,13,10,11,11,10.6,0%,17.3,30,12,33,27,32,26.8,19%,50.3,10,,5,11,22,12,100%,34.6,3,3,3,1,5,3,400%,7.9,1,0,0,4,1,2,0%,1.6,63639,37534494.51,36133.56
99,Mount Olive-Silverstone-Jamestown,2,2,Mount Olive-Silverstone-Jamestown,D23,105,106,129,116,124,116,7%,370.3,30,29,29,34,37,31.8,9%,110.5,71,62,59,96,93,76.2,-3%,277.7,25,27,34,32,30,29.6,-6%,89.6,19,9,12,14,9,12.6,-36%,26.9,2,2,3,0,4,2.8,N/A,11.9,33484,4637541.798,12954.66387
100,Cabbagetown-South St.James Town,71,71,Cabbagetown-South St.James Town,D51,42,29,44,41,35,38.2,-15%,132.5,8,14,4,4,39,13.8,875%,147.6,42,34,31,31,37,35,19%,140,7,12,9,11,8,9.4,-27%,30.3,9,5,3,5,3,5,-40%,11.4,2,1,0,2,0,1.7,-100%,0,26421,1417962.998,5759.112843
101,Mount Pleasant East,99,99,Mount Pleasant East,D53,33,42,48,40,35,39.6,-13%,104.5,12,7,8,17,15,11.8,-12%,44.8,18,18,29,11,29,21,164%,86.6,5,12,12,6,6,8.2,0%,17.9,2,4,3,4,5,3.6,25%,14.9,0,0,0,0,0,N/A,N/A,0,33503,3088926.615,11249.9145
102,Mount Pleasant West,104,104,Mount Pleasant West,D53,143,171,185,181,153,166.6,-15%,1004.3,18,9,14,21,27,17.8,29%,177.2,57,46,53,56,86,59.6,54%,564.5,23,33,40,30,37,32.6,23%,242.9,3,5,3,13,9,6.6,-31%,59.1,0,1,1,0,0,1,N/A,0,15234,1343312.192,5182.469768
103,Blake-Jones,69,69,Blake-Jones,D55,26,25,26,35,19,26.2,-46%,207.3,23,22,13,25,39,24.4,56%,425.4,34,39,32,30,18,30.6,-40%,196.4,0,6,4,6,2,4.5,-67%,21.8,4,5,3,5,4,4.2,-20%,43.6,0,0,1,0,0,1,N/A,0,9167,941146.7754,4042.743441
104,Rexdale-Kipling,4,4,Rexdale-Kipling,D23,272,321,326,309,295,304.6,-5%,4299,19,14,21,27,34,23,26%,495.5,182,128,141,142,189,156.4,33%,2754.3,56,62,62,80,54,62.8,-33%,786.9,30,28,27,36,53,34.8,47%,772.4,0,0,0,1,0,1,-100%,0,6862,2505575.807,7067.058558
105,East End-Danforth,62,62,East End-Danforth,D55,194,240,205,187,210,207.2,12%,1601.2,24,9,12,23,19,17.4,-17%,144.9,49,37,45,36,42,41.8,17%,320.2,52,57,25,51,24,41.8,-53%,183,6,2,4,4,20,7.2,400%,152.5,3,0,0,0,1,2,N/A,7.6,13115,2639018.661,7372.237253
106,New Toronto,18,18,New Toronto,D22,42,36,37,31,34,36,10%,397.9,0,4,6,5,5,5,0%,58.5,14,18,13,18,7,14,-61%,81.9,6,5,8,1,4,4.8,300%,46.8,0,1,2,1,1,1.25,0%,11.7,0,0,1,0,2,1.5,N/A,23.4,8545,3481238.476,11321.73105
107,Palmerston-Little Italy,80,80,Palmerston-Little Italy,D14,336,372,450,429,547,426.8,28%,4783.1,24,22,17,16,40,23.8,150%,349.8,134,95,128,130,145,126.4,12%,1267.9,127,133,118,93,159,126,71%,1390.3,6,19,12,20,37,18.8,85%,323.5,0,0,1,0,0,1,N/A,0,11436,1435236.884,4967.457936
108,Parkwoods-Donalda,45,45,Parkwoods-Donalda,D33,19,16,10,25,17,17.4,-32%,56.4,5,11,9,11,25,12.2,127%,83,40,22,20,63,34,35.8,-46%,112.9,0,1,2,2,7,3,250%,23.2,5,5,4,5,2,4.2,-60%,6.6,0,0,0,0,1,1,N/A,3.3,30123,7464327.242,13452.19447
109,Pelmo Park-Humberlea,23,23,Pelmo Park-Humberlea,D12,41,34,44,34,32,37,-6%,128.6,2,5,5,7,8,5.4,14%,32.2,12,11,15,22,7,13.4,-68%,28.1,3,3,6,9,4,5,-56%,16.1,1,1,0,3,2,1.75,-33%,8,0,0,1,0,1,1,N/A,4,24883,4276047.788,13837.03549
110,Playter Estates-Danforth,67,67,Playter Estates-Danforth,D54,122,162,173,184,173,162.8,-6%,3285.2,17,20,28,25,29,23.8,16%,550.7,70,85,53,84,86,75.6,2%,1633.1,54,45,42,37,45,44.6,22%,854.5,5,10,5,7,9,7.2,29%,170.9,0,0,0,0,2,2,N/A,38,5266,887593.011,4501.752175
111,Willowridge-Martingrove-Richview,7,7,Willowridge-Martingrove-Richview,D23,388,484,465,562,547,489.2,-3%,1991.3,15,25,22,18,29,21.8,61%,105.6,75,120,85,131,127,107.6,-3%,462.3,58,37,61,57,73,57.2,28%,265.8,42,27,34,38,44,37,16%,160.2,0,1,0,0,2,1.5,N/A,7.3,27469,5517423.949,12059.23371
112,Woburn,137,137,Woburn,D43,24,24,32,34,27,28.2,-21%,77.3,3,8,3,3,15,6.4,400%,43,28,17,20,19,11,19,-42%,31.5,10,7,7,9,13,9.2,44%,37.2,2,2,2,3,2,2.2,-33%,5.7,3,3,0,0,0,3,N/A,0,34912,12334072.69,18111.2652
113,Woodbine-Lumsden,60,60,Woodbine-Lumsden,D54,99,108,111,95,141,110.8,48%,1535.4,25,25,23,24,42,27.8,75%,457.4,38,36,35,50,69,45.6,38%,751.4,16,21,14,18,27,19.2,50%,294,6,2,4,8,6,5.2,-25%,65.3,0,1,0,1,0,1,-100%,0,9183,1196243.594,4871.174075
114,Bayview Village,52,52,Bayview Village,D33,89,83,89,103,71,87,-31%,289.2,31,14,9,18,23,19,28%,93.7,30,40,36,31,35,34.4,13%,142.6,23,34,15,20,6,19.6,-70%,24.4,4,5,2,2,3,3.2,50%,12.2,0,0,0,0,1,1,N/A,4.1,24547,5159044.455,9504.072053
115,Bedford Park-Nortown,39,39,Bedford Park-Nortown,D32,45,59,75,69,75,64.6,9%,562.8,9,19,17,14,37,19.2,164%,277.7,11,20,13,12,7,12.6,-42%,52.5,18,11,23,26,15,18.6,-42%,112.6,2,1,0,2,1,1.5,-50%,7.5,0,0,0,0,0,N/A,N/A,0,13326,5518148.646,12816.87904
116,Rockcliffe-Smythe,111,111,Rockcliffe-Smythe,D12,180,177,205,212,275,209.8,30%,833.2,13,20,24,35,32,24.8,-9%,97,81,93,143,81,83,96.2,2%,251.5,46,37,37,55,22,39.4,-60%,66.7,16,13,20,25,24,19.6,-4%,72.7,0,2,0,0,0,2,N/A,0,33006,5070764.843,11619.95354
117,Bridle Path-Sunnybrook-York Mills,41,41,Bridle Path-Sunnybrook-York Mills,D32,59,65,66,61,43,58.8,-30%,438.1,28,24,30,30,31,28.6,3%,315.9,43,28,30,20,34,31,70%,346.4,20,20,15,18,14,17.4,-22%,142.7,6,4,3,3,4,4,33%,40.8,0,0,0,0,0,N/A,N/A,0,9814,8838191.99,15651.29098
118,Don Valley Village,47,47,Don Valley Village,D33,100,125,89,64,110,97.6,72%,323.8,20,16,14,8,19,15.4,138%,55.9,48,33,59,32,40,42.4,25%,117.8,14,19,8,15,20,15.2,33%,58.9,3,8,6,8,7,6.4,-13%,20.6,2,1,0,0,0,1.5,N/A,0,33970,4212380.636,8326.615202
119,Weston,113,113,Weston,D12,43,45,43,46,32,41.8,-30%,280.1,21,16,31,31,24,24.6,-23%,210.1,63,60,51,42,63,55.8,50%,551.5,8,10,21,6,8,10.6,33%,70,5,4,2,6,6,4.6,0%,52.5,0,0,3,1,1,1.7,0%,8.8,11424,2565537.823,10202.3941
120,Lawrence Park South,103,103,Lawrence Park South,D53,131,128,139,112,127,127.4,13%,760.1,41,36,31,49,48,41,-2%,287.3,36,35,33,34,24,32.4,-29%,143.6,32,37,53,44,18,36.8,-59%,107.7,6,3,4,10,16,7.8,60%,95.8,0,0,0,0,0,N/A,N/A,0,16709,3242276.782,9777.672742
121,Brookhaven-Amesbury,30,30,Brookhaven-Amesbury,D12,53,43,28,70,76,54,9%,403.9,6,9,8,7,12,8.4,71%,63.8,25,19,27,28,11,22,-61%,58.5,4,7,6,7,10,6.8,43%,53.1,0,2,3,0,3,2.7,N/A,15.9,0,0,0,0,0,N/A,N/A,0,18816,3507374.222,8980.446318
122,Long Branch,19,19,Long Branch,D22,65,97,93,92,75,84.4,-18%,532.9,29,31,21,21,43,29,105%,305.5,19,41,25,26,29,28,12%,206.1,24,16,20,17,16,18.6,-6%,113.7,5,8,1,6,9,5.8,50%,64,0,0,0,0,0,N/A,N/A,0,14073,2261879.996,7806.777461
123,Malvern,132,132,Malvern,D42,88,72,109,106,75,90,-29%,209.3,45,37,54,40,51,45.4,28%,142.3,45,40,40,41,65,46.2,59%,181.4,34,16,62,23,16,30.2,-30%,44.6,6,3,5,4,4,4.4,0%,11.2,0,0,4,2,2,2.7,100%,5.6,35841,8866243.622,12081.20843
124,Dufferin Grove,83,83,Dufferin Grove,D14,40,41,23,48,36,37.6,-25%,212.6,8,4,11,12,18,10.6,50%,106.3,27,17,14,30,39,25.4,30%,230.3,2,6,3,7,8,5.2,14%,47.2,2,4,2,3,8,3.8,167%,47.2,0,0,1,0,0,1,N/A,0,16937,1387988.874,5148.294617
125,Maple Leaf,29,29,Maple Leaf,D12,140,160,108,120,148,135.2,23%,901.9,12,8,10,16,19,13,19%,115.8,47,49,61,39,46,48.4,18%,280.3,20,28,32,47,50,35.4,6%,304.7,4,6,8,5,8,6.2,60%,48.8,0,0,0,0,0,N/A,N/A,0,16410,2526426.713,6377.761156
126,Markland Wood,12,12,Markland Wood,D22,209,230,260,276,271,249.2,-2%,1551.7,48,51,50,41,67,51.4,63%,383.6,109,61,62,68,57,71.4,-16%,326.4,71,77,67,80,52,69.4,-35%,297.7,9,11,14,18,18,14,0%,103.1,0,0,0,0,0,N/A,N/A,0,17465,2953752.249,7846.524517
127,Steeles,116,116,Steeles,D42,114,91,86,89,117,99.4,31%,479.5,15,8,8,3,9,8.6,200%,36.9,31,67,37,22,38,39,73%,155.7,26,31,15,15,16,20.6,7%,65.6,4,2,4,0,5,3.75,N/A,20.5,0,0,0,0,0,N/A,N/A,0,24400,4561345.452,8943.759779
128,Lawrence Park North,105,105,Lawrence Park North,D32,129,150,181,184,225,173.8,22%,1804,12,28,15,8,32,19,300%,256.6,123,51,81,97,95,89.4,-2%,761.7,28,29,27,38,42,32.8,11%,336.8,8,12,10,13,10,10.6,-23%,80.2,1,0,0,0,0,1,N/A,0,12472,2289800.835,6540.183232
129,Yonge-Eglinton,100,100,Yonge-Eglinton,D53,18,12,19,17,17,16.6,0%,107.8,21,16,19,18,20,18.8,11%,126.9,31,24,28,26,22,26.2,-15%,139.6,4,1,27,4,2,7.6,-50%,12.7,2,4,3,3,5,3.4,67%,31.7,0,0,0,0,0,N/A,N/A,0,15763,1650438.083,5686.684726
130,Morningside,135,135,Morningside,D43,60,45,45,43,52,49,21%,258.7,2,5,4,1,2,2.8,100%,9.9,46,23,18,10,20,23.4,100%,99.5,9,7,10,8,9,8.6,13%,44.8,4,2,6,0,3,3.75,N/A,14.9,0,1,1,0,1,1,N/A,5,20103,5740138.351,13214.7096
131,Moss Park,73,73,Moss Park,D51,56,63,60,61,55,59,-10%,294.9,8,13,13,13,11,11.6,-15%,59,22,30,27,26,38,28.6,46%,203.8,12,14,5,9,10,10,11%,53.6,1,4,,3,3,2.75,0%,16.1,1,1,3,3,4,2.4,300%,21.4,18649,1413051.86,6204.526297
132,Little Portugal,84,84,Little Portugal,D14,123,135,137,155,159,141.8,3%,1040.4,12,5,6,9,15,9.4,67%,98.1,61,79,40,55,97,66.4,76%,634.7,19,24,20,15,35,22.6,133%,229,9,8,4,4,9,6.8,125%,58.9,1,2,1,0,1,1.3,N/A,6.5,15283,1216369.316,5440.951498
133,Woodbine Corridor,64,64,Woodbine Corridor,D55,90,126,131,109,101,111.4,-7%,1006.6,58,48,42,38,57,48.6,50%,568.1,38,33,35,39,40,37,3%,398.6,18,32,27,14,18,21.8,29%,179.4,5,3,5,6,3,4.4,-50%,29.9,0,1,0,0,0,1,N/A,0,10034,1595684.463,5428.087921
134,Newtonbrook East,50,50,Newtonbrook East,D32,94,122,123,125,122,117.2,-2%,526,13,11,8,9,16,11.4,78%,69,18,71,28,51,61,45.8,20%,263,31,31,35,40,28,33,-30%,120.7,6,2,3,3,6,4,100%,25.9,0,1,1,0,1,1,N/A,4.3,23195,4084780.952,8094.592702
135,Milliken,130,130,Milliken,D42,154,180,186,203,228,190.2,12%,741.7,37,26,50,28,47,37.6,68%,152.9,88,77,80,100,72,83.4,-28%,234.2,27,32,39,58,78,46.8,34%,253.7,11,12,16,22,16,15.4,-27%,52.1,0,0,0,0,0,N/A,N/A,0,30739,9477859.279,16781.47724
136,Pleasant View,46,46,Pleasant View,D33,261,270,278,252,260,264.2,3%,1365.4,35,45,57,44,53,46.8,20%,278.3,33,35,29,40,36,34.6,-10%,189.1,34,40,61,42,39,43.2,-7%,204.8,6,6,9,5,11,7.4,120%,57.8,0,0,0,0,0,N/A,N/A,0,19042,2967493.111,7944.829782
137,Wychwood,94,94,Wychwood,D13,70,84,67,74,86,76.2,16%,1162.6,4,5,9,3,10,6.2,233%,135.2,20,13,40,20,31,24.8,55%,419.1,18,6,10,8,9,10.2,13%,121.7,3,5,3,2,,3.25,-100%,0,0,0,0,0,0,N/A,N/A,0,7397,1682110.933,5435.022062
138,Leaside-Bennington,56,56,Leaside-Bennington,D53,87,104,83,134,102,102,-24%,502.3,31,29,39,55,49,40.6,-11%,241.3,20,28,22,18,41,25.8,128%,201.9,23,12,18,27,17,19.4,-37%,83.7,1,9,1,7,11,5.8,57%,54.2,0,1,0,0,0,1,N/A,0,20308,4784766.461,14836.61854
139,Briar Hill-Belgravia,108,108,Briar Hill-Belgravia,D13,78,78,105,82,90,86.6,10%,1968.5,14,26,11,15,19,17,27%,415.6,27,21,25,21,11,21,-48%,240.6,17,21,15,13,17,16.6,31%,371.8,0,2,1,1,2,1.5,100%,43.7,1,0,0,1,0,1,-100%,0,4572,1830325.197,6289.70725
140,Mimico,17,17,Mimico,D22,20,27,15,25,26,22.6,4%,89.9,3,12,10,5,11,8.2,120%,38,35,37,49,62,54,47.4,-13%,186.7,1,2,2,1,0,1.5,-100%,0,6,1,4,6,6,4.6,0%,20.7,0,1,1,1,0,1,-100%,0,28917,7059172.107,23377.95598
